id,x,y,release_time,deadline,service_time
0,3.1971339922894186,0.12505377611333468,35,51,2
1,3.682356070820062,3.3834974371145563,114,141,2
2,2.1096090984263522,0.14898609719035172,27,40,2
3,2.806225314693065,3.5800980646120175,89,109,2
4,2.2460452314192683,1.3909535411533136,111,122,2
5,3.4906969749411343,1.7012525825899594,19,34,2
6,0.5110513825992435,1.8996365031866869,45,97,2
7,1.3226043361100652,0.21725221461548594,58,86,2
8,0.39400099039229086,1.4658914070354645,80,106,2
9,2.88676072628381,3.5228591810746175,5,34,2
10,1.4469398180105357,0.3989598846181375,29,75,2
11,1.3898680155504606,3.178422221322001,46,61,2
12,1.0475351538574385,1.334889110245567,119,140,2
13,3.045655028334941,0.8556932409904849,93,111,2
14,1.897277208788239,4.9476167531829764,81,106,2
15,3.423071254949373,4.214259600949048,99,111,2
16,4.025229003856071,2.0058239351116445,8,24,2
17,1.063132720270703,2.4961562974613867,113,158,2
18,0.7143579522103133,0.6981515976275315,95,121,2
19,3.7350690582612893,2.1421691364728983,74,95,2
20,4.986628889945805,0.6916587244542793,63,79,2
21,4.3055145483333295,0.7642065967413053,20,48,2
22,2.982045153659869,1.9238365583725003,76,121,2
23,1.2570705999090659,2.7661294810764376,120,131,2
24,3.408551845132874,2.684851652043976,34,56,2
25,0.5577608679793822,2.173826253345525,58,74,2
26,4.859440494350571,3.809810995260323,64,108,2
27,4.208346740862336,2.538314409888171,25,38,2
28,2.6968951505981287,3.8931323931527912,67,117,2
29,1.6207802850233655,0.09738371192916151,118,152,2
30,1.5375706270133072,0.28962583247093776,112,135,2
31,0.4282672603393939,2.4299523165830688,8,58,2
32,3.8291721465349386,0.641957322498814,60,99,2
33,1.3252831447002955,4.362165205426287,54,105,2
34,3.7763259831790275,3.4493381604981073,91,107,2
35,2.1905004195725204,2.587879205177953,15,23,2
36,1.6904278107372765,2.9415435922861666,29,46,2
37,0.3549654300451627,3.1555147863504946,29,42,2
38,4.298177001268733,0.3542867494432672,30,52,2
39,1.071184036852193,0.661559243625125,119,171,2
40,2.3633551315589707,3.923097121453767,103,122,2
41,0.4846540711441166,2.1552559120318877,54,85,2
42,0.2708559361608526,3.267277441328958,82,101,2
43,3.6410679422059133,4.002962554308494,13,28,2
44,2.681428769551722,0.7009114854738724,23,38,2
45,4.3724297703529,0.3769244418714468,103,156,2
46,0.48954364100800174,3.2607244699926103,69,105,2
47,4.631834915040638,4.243478672071527,21,51,2
48,1.0687364959959083,2.005201462747263,7,18,2
49,4.92654421889863,1.3260152908607599,100,126,2
50,2.1150374299508146,4.786588204298366,100,132,2
51,2.4333570582716475,0.9494893363381857,27,77,2
52,3.678685893945217,0.3047878573825791,40,61,2
53,2.5142519145975677,4.263599460241426,20,32,2
54,4.2567127267206075,0.34260666351896174,8,34,2
55,2.0188777565913876,4.707980636145447,72,85,2
56,3.0969075516605153,2.0961245766793626,74,95,2
57,4.6735312886821365,1.021295997117682,91,109,2
58,1.9789292339562725,3.3584511147998564,38,67,2
59,4.678671437224117,0.04657728442123199,79,119,2
60,0.366303605498165,1.0657715613352021,33,52,2
61,4.4043208684321975,4.396351212422714,47,68,2
62,4.168724773199035,3.5176996254368547,78,127,2
63,0.039115535760789744,4.085520675577309,38,77,2
64,4.694650019635519,0.6714555719668386,14,67,2
65,0.7772395488749523,1.4087813572894714,26,49,2
66,3.4374856440066526,4.264564076959487,64,84,2
67,0.4614923385636671,2.117878862818632,35,52,2
68,3.8555961150981357,3.1855668865068982,33,51,2
69,2.7584021056319563,2.138434594903397,1,10,2
70,2.7279514460276117,4.172975099430084,74,99,2
71,0.6372275964106938,1.5412917496506684,115,149,2
72,4.494623182632373,1.0503826916987702,31,58,2
73,3.900581209357213,4.420673507255045,52,90,2
74,4.628819112847783,1.1836866611467933,20,60,2
75,4.407081023316622,0.12393180949094362,94,144,2
76,4.0111756946856945,4.3203201418763975,103,118,2
77,3.936872545677356,0.5404781320147856,111,132,2
78,1.112168587728322,4.0829330279846445,58,74,2
79,1.1146177360290448,3.300165913743145,51,63,2
80,4.834445520241806,1.395624963609357,82,114,2
81,4.905748435991301,2.6810786623936096,120,138,2
82,0.8928390808623182,4.812671578807778,33,54,2
83,1.7284355583990014,3.9321408910184097,55,82,2
84,0.5782289201466523,4.497523664555998,24,45,2
85,0.00845639109314733,4.627875827495414,68,103,2
86,3.6851884674515016,0.9851756455086719,55,72,2
87,3.1157770497320456,3.3169373813277216,15,36,2
88,2.535612520176346,3.3344645205286483,41,61,2
89,2.7720623883339686,0.9592004649507374,85,122,2
90,3.0775745797569027,1.5047493728278267,70,109,2
91,1.4345685843446359,2.1494407499491732,74,96,2
92,2.324940951235071,2.210798996524037,27,54,2
93,4.505904129141271,3.9801238006339013,21,47,2
94,2.5772600495760822,3.1647042788289785,42,53,2
95,3.363978352785835,1.1232033299864415,25,36,2
96,1.2242127203917508,2.3756817210940255,108,133,2
97,2.0722050549885966,3.1488269036885685,24,46,2
98,2.4718858450521846,1.2199221978921941,83,113,2
99,4.302202827112607,4.42732602754933,99,123,2
100,4.0205492808657155,3.4795588820411916,59,74,2
101,4.587350072277201,0.606792995946922,17,69,2
102,4.93946226533224,2.9772615923470984,96,150,2
103,4.075032536658419,4.460101481705091,54,106,2
104,2.229568060383502,0.7957895377149965,110,133,2
105,3.7588839325025574,4.199314439209604,35,64,2
106,2.422985085351334,1.1962293190731643,56,70,2
107,1.1724678900731766,1.6792376831065696,114,135,2
108,0.754153290065433,1.915176462156691,19,40,2
109,2.0743394794910905,1.6544069551904177,59,79,2
110,4.164455846702438,1.9473840633347062,98,128,2
111,0.09765978368863559,4.403283363789118,73,97,2
112,4.713708287170484,1.4930632618619173,49,97,2
113,2.6911028380511577,3.673170303781789,102,122,2
114,2.4411473877512524,1.3646765588162828,62,76,2
115,3.3443681031145855,3.990711622100944,92,110,2
116,4.59770810334488,4.903609887594616,68,90,2
117,2.9594638781395544,3.3149987841808066,10,29,2
118,4.33425677797565,0.9086451325671607,33,58,2
119,2.2734966250824105,1.6875027403693532,112,140,2
120,4.756020599302809,2.107824133793694,106,119,2
121,3.7451213054142536,0.2604280412162774,44,59,2
122,3.9061652480544744,3.258773276219447,96,110,2
123,0.9968034118126645,0.10190008660166172,19,41,2
124,3.3472942230995533,2.8198479096500955,27,48,2
125,3.834490491781204,0.8389457168390113,77,114,2
126,3.888959430877163,0.8188290508359958,39,52,2
127,4.644435842035608,2.878983642062071,116,162,2
128,4.707352992706548,0.9916488854585764,75,107,2
129,1.2142469026856606,3.485965012478861,38,89,2
130,4.027639818230832,3.98113608300106,72,98,2
131,2.6637262265525012,3.3076067034367798,8,29,2
132,0.06326075082926541,2.100293704209138,62,81,2
133,3.1779255305072294,4.143536555012291,90,103,2
134,3.6689765200669595,4.827368656190388,34,64,2
135,3.873207251857873,2.324368858172539,105,127,2
136,1.611522914905591,1.2274758454684542,119,137,2
137,1.21931719595478,2.3235423330161584,78,101,2
138,0.1434999888504479,4.254764181562296,23,51,2
139,3.9891617841404825,1.7016942158214183,112,135,2
140,2.778955139597919,2.5831362585746707,24,36,2
141,2.442889234243937,3.790823267412332,88,117,2
142,2.454106675392931,3.9646643406615873,11,27,2
143,3.458935776476009,1.531030150650442,74,100,2
144,2.654609655728839,2.1275190635260737,95,115,2
145,3.5142747109288446,1.3545821348809817,32,46,2
146,1.5777397200299326,3.71440531819552,97,119,2
147,1.0819231993930285,2.4209929360635436,92,122,2
148,2.6231843455430393,1.414993516374775,12,51,2
149,1.1374158174127735,0.8972077184270166,1,24,2
150,1.3715566339163365,4.87147465551369,70,86,2
151,3.1893482755296376,3.763960878956269,13,62,2
152,1.421696635685747,2.39357104303199,43,52,2
153,1.262391952464863,4.308614823137566,14,60,2
154,2.45873280145534,2.88510578235409,87,96,2
155,4.0557103813752375,4.745628211790156,10,49,2
156,2.7903651730881425,2.080870107051642,76,94,2
157,3.8784676984910864,1.9018901307327467,116,144,2
158,4.95015630233399,1.5269012215968019,79,94,2
159,4.7379510016268895,1.0389395291177568,27,42,2
160,0.7852854669043857,0.8690677416321724,9,28,2
161,2.252518523088512,2.9690559755978163,37,48,2
162,3.5347791493951664,3.514937790468586,58,71,2
163,4.619555222412743,3.9391401332336566,80,114,2
164,4.668342292227567,2.1256948305210583,69,84,2
165,4.54205722606303,4.133155798250298,9,27,2
166,2.9752201865970234,4.1212015066000465,117,129,2
167,2.3434898513808093,1.5204559527238337,51,97,2
168,2.69990781299007,2.18879431785799,76,89,2
169,3.6726696164280765,3.018568204729553,3,13,2
170,4.997862084387257,3.3614079215161965,34,68,2
171,3.7813441520627853,2.3525041162581677,83,105,2
172,0.9074457361156296,2.9266481263892716,81,115,2
173,2.3500519748017585,2.0417404671500767,41,58,2
174,1.649018317894827,3.4683683699171626,36,60,2
175,4.067830173689863,2.750483044858915,58,73,2
176,1.6163689313799734,4.850923634042886,51,86,2
177,3.288301932415645,2.712967971785975,52,65,2
178,3.1131693630085566,2.492465511910943,56,75,2
179,1.3352811913646623,0.6550661447522327,36,68,2
180,2.4235589847499908,0.14434721220831614,80,104,2
181,3.5489141255012955,1.5537506919666755,1,20,2
182,1.1235032972789232,4.207028408085177,14,36,2
183,3.2385484439187935,0.7698556221416403,119,147,2
184,3.5270581496292683,2.0774517146767653,61,98,2
185,2.2839323636615676,0.7232098424280436,24,72,2
186,3.731462727461988,0.6825417229543229,8,27,2
187,1.6993762155714776,3.9385870288214706,34,75,2
188,3.6302549130676627,4.187379613032107,74,122,2
189,4.326302973501213,2.232736965215972,61,79,2
190,2.2767230843325055,1.608886751145187,24,61,2
191,2.8589882099245054,1.1678122302894656,99,122,2
192,3.7235257578259793,3.526139405125013,103,132,2
193,3.961968303499652,3.2600950070030295,19,38,2
194,0.6312313490469434,4.8267679508842685,42,92,2
195,0.49855848870989206,4.5522083884823346,1,30,2
196,4.354664856746097,4.849783970205531,9,36,2
197,1.6928061702571584,3.4635229929344105,83,98,2
198,4.261706682829465,4.296710920841333,48,98,2
199,4.361915086992681,0.17949549918843288,8,27,2
200,4.987129614781077,3.733831833689635,55,94,2
201,2.218392758308529,3.4700058139661727,115,129,2
202,3.980717325811059,1.466838879826044,47,70,2
203,2.6558315907438,2.829640309579684,101,110,2
204,0.3948417532999732,4.3541979932242745,79,109,2
205,4.564145080117774,0.7155886006425483,59,89,2
206,1.2766335407957703,0.04698715727435521,102,129,2
207,3.3880544284953973,0.7898781103589347,56,107,2
208,1.495771245618861,4.81014536411721,88,106,2
209,0.9960849955444617,1.9234662448367272,61,78,2
210,2.8596134617536944,2.8740596508932255,89,102,2
211,1.3724019008911386,2.8296450847784946,87,104,2
212,4.5530847685935525,3.7258607706698506,106,149,2
213,3.8787048980169043,1.1505919548520815,102,132,2
214,0.9506599463854415,1.2531340002180802,96,126,2
215,3.4042754709101137,0.6838961924704945,12,46,2
216,1.5446644197631803,2.204115950814058,74,93,2
217,0.4506668787310947,1.4755522581457763,95,119,2
218,0.6607989887339177,2.697038794922105,46,70,2
219,4.152363097836987,1.2848504228163116,105,147,2
220,3.7327967535852253,1.6935762690094314,14,33,2
221,0.7037850750294133,4.832501047313761,110,143,2
222,4.899711213909518,4.836348736500161,102,128,2
223,3.953409842944687,0.06959327550450589,68,88,2
224,3.364141909368768,3.3617039867550655,74,102,2
225,4.701459458897771,0.5417305109961534,29,61,2
226,4.421174226074261,2.8070369112493943,117,147,2
227,0.3160852058009772,4.119276756952238,116,149,2
228,2.0414792789770635,0.6988850625361054,4,23,2
229,0.5806024036255475,1.1740001621566454,68,88,2
230,1.8550575774344136,4.7469038420595275,89,136,2
231,2.9367017277430376,3.632995752786208,113,132,2
232,4.168465416481608,3.0782610702557816,120,153,2
233,3.451403318737818,1.086348423487808,56,99,2
234,0.4967731230306516,3.428401327406427,69,114,2
235,0.3027504458330438,1.3794072043079342,15,64,2
236,0.4583671190876043,1.0605290771165659,81,103,2
237,0.252892553314365,1.66754578216258,16,40,2
238,0.3430507641217795,3.8257868794429224,26,51,2
239,1.6427977671611522,0.7377708997072185,115,139,2
240,4.292030631900881,0.72343990160254,16,50,2
241,0.8724856045069673,3.305288212986584,3,20,2
242,3.9499233211737694,1.1896580304523152,41,57,2
243,0.26199508930588256,3.7085902847707475,67,82,2
244,2.3812298271162513,3.8900851965710137,65,90,2
245,2.519193448929107,4.727078214850532,5,36,2
246,2.6072560735654204,2.2902126104884104,3,16,2
247,4.236492715836214,2.131368096399959,13,39,2
248,0.3674535788322525,0.40395238705395964,77,94,2
249,1.3750799977897659,3.1653836215050775,70,94,2
250,4.973138779304618,2.6527841871566227,58,86,2
251,0.4958923083952099,3.508897092730331,109,142,2
252,2.7566761419489945,4.327461578511561,55,78,2
253,2.069067855884567,4.137096123900223,51,71,2
254,1.562741749985665,1.5626178557093389,32,52,2
255,3.4341051773348834,2.3713394279455136,11,43,2
256,2.159382592758701,3.722944845959395,47,95,2
257,0.2999048898542328,4.783123119234532,71,88,2
258,2.054043164610791,4.368036861171593,120,151,2
259,0.25723039986188023,1.4381470382366364,39,70,2
260,2.5370627348400205,0.7736508792913072,61,73,2
261,1.7505699711059557,2.7813273805216343,14,39,2
262,1.130795471639237,2.145562054408906,71,121,2
263,3.067866402677324,3.213495819149157,3,30,2
264,4.147303949798315,1.3372386257705533,23,39,2
265,4.6076876051658635,1.755117103684909,23,75,2
266,3.2867231741839777,0.3479271062416822,94,115,2
267,0.4587884152722266,2.6524134432946473,48,73,2
268,0.7870463792254434,1.558186848521082,41,70,2
269,2.981118861025461,4.416710922591717,19,31,2
270,3.3698435530655653,1.3605142177310947,84,111,2
271,2.2102209334888956,1.3658342218238473,96,118,2
272,2.149568166989452,1.4162323504022467,86,111,2
273,3.335662793681748,0.22708681302213762,50,86,2
274,0.038435429499414364,1.5070968100921838,27,61,2
275,1.2775975201072964,1.6406117796892055,0,24,2
276,0.8784740093792115,1.9010372285761812,90,106,2
277,0.3603774829607892,4.308821810112943,5,35,2
278,4.605812172512062,4.310550068060332,73,102,2
279,3.547494807844671,2.088469799217403,14,36,2
280,0.859365902890345,4.738071546633737,58,105,2
281,0.4406494064894234,4.2224217990734845,31,59,2
282,2.619812715003158,1.9788334842966648,39,57,2
283,1.66534311246566,0.8406635402284329,65,93,2
284,2.5497603116148597,4.529613657900252,44,74,2
285,4.075185028750071,1.1813442447336215,18,32,2
286,3.011994926365829,3.80107647773446,83,100,2
287,2.3197653425650975,2.818677416439248,74,98,2
288,3.2149591533578303,4.9326597386792965,41,86,2
289,0.7547870069653845,0.34143129247878046,56,91,2
290,1.373368337430796,0.28086060106539024,64,85,2
291,2.259569318503411,0.2844502541697619,106,120,2
292,3.075041942077868,2.535339086669776,59,86,2
293,3.6946052274062025,0.20511356926462387,116,157,2
294,1.6076338144021418,2.3781451397153477,19,63,2
295,0.5175093863519581,4.495634169778867,43,81,2
296,2.522745007504787,0.8627945571818246,31,57,2
297,2.6203427658508724,3.049027031613372,46,65,2
298,1.9370827976155796,3.872323942868677,86,116,2
299,3.1544328722098975,1.6732467362996877,42,57,2
300,1.4207348693905686,3.618668275012309,84,135,2
301,4.366398310302694,1.6668101803027828,74,99,2
302,1.5511586877590604,3.280273590180276,84,111,2
303,3.5441700718552696,0.42359506002001,71,104,2
304,1.6423827712679202,0.6389688205017297,89,138,2
305,0.4672648253301087,3.3522802003996954,65,91,2
306,1.5443303503194046,4.755846567980671,43,93,2
307,0.9600261683219313,4.999883105515143,19,35,2
308,2.5384485636232315,2.6988537920683555,94,122,2
309,3.309646186857088,4.381963862713709,79,97,2
310,0.7712638066056077,0.904229835843483,88,121,2
311,4.513279913572191,3.605914989027135,5,36,2
312,3.5979283689532497,4.847943017043125,78,99,2
313,1.1700147216771222,1.1958424862275974,103,126,2
314,1.839204791125164,4.735650851220615,56,81,2
315,3.8906201862496297,2.514533457437895,53,90,2
316,4.006296120757738,0.6919926730171561,32,52,2
317,4.370584725261185,2.772703727122156,13,41,2
318,4.255830240423894,1.4253150702966422,97,116,2
319,4.526531044891206,0.7367432799580215,55,72,2
320,4.083516279277503,4.4231488685900375,119,133,2
321,1.9822698273512391,1.8698074383951002,49,89,2
322,1.1226937930355796,1.593424377248656,12,54,2
323,3.95690318741088,0.6879979386293583,36,85,2
324,3.480359942879918,0.693963459090931,90,119,2
325,0.02625599152808966,0.3961288563536064,32,50,2
326,2.7440212272191773,3.636173926624659,67,96,2
327,1.4405078901961526,1.5057559729310999,6,23,2
328,0.3140357550553191,4.183438603026676,63,86,2
329,3.159774710065712,2.8752372876531678,91,105,2
330,0.007821679666994985,1.764080198130169,73,105,2
331,3.341074514598174,2.617422788391057,46,54,2
332,1.9522686628003205,2.35067539079243,81,101,2
333,1.2682513053460638,0.08121115554473812,100,118,2
334,3.664705107253208,3.141284812378282,98,128,2
335,1.6625930418599244,0.22167844147604088,69,85,2
336,4.151918283818014,3.4234128320449173,89,111,2
337,4.057488409238032,0.3155026851611231,99,135,2
338,1.4672128558751563,0.21903137829561548,25,70,2
339,4.6668548997519865,2.576917946272494,104,129,2
340,0.18310385768454174,3.2345024940037517,36,70,2
341,0.2390201712324569,3.2786568377883984,34,52,2
342,2.184756915624682,2.00010887322231,56,96,2
343,1.6951831420408032,0.9340860879496937,88,119,2
344,2.5963792676747097,4.005740437008869,93,118,2
345,3.0122664941511363,4.111706397699433,69,81,2
346,0.40034455537497626,3.304596107290683,39,71,2
347,2.130580364415227,3.4488240422274314,44,72,2
348,4.35018587528196,1.7627965515424115,55,67,2
349,0.37520582494079635,3.1875626894164917,46,78,2
350,3.3970530390734495,4.763946981398039,18,67,2
351,0.17399482899271013,0.33616681531054404,99,128,2
352,1.9142720084438887,2.8362232086205976,77,92,2
353,4.7441176463277825,1.8600668923534185,97,112,2
354,2.647299407681448,1.9901702297622497,83,91,2
355,0.12956670432071604,0.9302402473629995,66,97,2
356,0.588804977453376,3.874822417657441,90,120,2
357,1.42788438849079,4.582394547709407,62,77,2
358,4.264131451921614,2.260213426226987,115,135,2
359,4.05256609178816,4.837806181815312,40,74,2
360,0.32469539158035576,2.7108568061278113,114,129,2
361,3.5590455200360633,4.636622283615889,81,99,2
362,2.543778725871504,0.6068122753922844,25,48,2
363,3.951865304038746,0.13142013404132846,70,100,2
364,4.018308631442932,2.7582346696321376,78,112,2
365,1.546453587642311,4.997975219671934,92,120,2
366,3.8458227518734898,4.116696997541953,9,27,2
367,3.2116929469319064,2.2498724783149804,87,105,2
368,4.389800758252059,3.901314644191542,81,114,2
369,4.831323069670534,2.1630914324098742,116,153,2
370,2.5905106646200817,1.520622714037339,20,32,2
371,1.7301154117093653,4.704520274657674,114,128,2
372,1.2530265449099953,3.1752854569387297,70,84,2
373,3.07214139154099,0.46714203441788005,82,97,2
374,0.8560031152789616,3.1223959371683288,115,143,2
375,0.20597151760892052,4.318905958100165,10,29,2
376,3.2556498874279995,3.8347950045815553,53,72,2
377,2.49019030068058,3.1358200514904215,37,57,2
378,2.4147240908770975,4.023440771078665,87,113,2
379,0.36486512752672895,0.29956516467334493,56,87,2
380,1.0201150678169935,3.0333013141031815,40,82,2
381,3.670998774022734,4.303886828771627,51,69,2
382,2.5749006704111106,0.5309196680454864,30,54,2
383,2.2479800599783237,0.7043881750409176,6,24,2
384,4.320819251812154,2.0906737166743827,110,153,2
385,4.668757676247024,3.6056421441106097,24,53,2
386,4.979847055477084,2.334075588686753,112,126,2
387,0.45024547521892166,1.9662109205664864,58,98,2
388,2.916720559928383,0.24329066464827964,36,67,2
389,3.3626030188272464,1.4287419072050878,1,45,2
390,0.6696747199615732,1.3223644989545664,46,72,2
391,0.2262119725563233,0.2557884369150415,71,91,2
392,0.3676587487142091,2.5212776456160233,97,127,2
393,3.401993200594304,0.5940550986179477,12,45,2
394,4.933938322182197,2.7891591913606435,46,71,2
395,3.0123147558094003,2.0069354213803225,5,15,2
396,3.5679592316240334,4.01982927597106,66,95,2
397,4.465658460390037,0.698904928861776,119,143,2
398,1.9647729393324154,3.0825024373575802,107,120,2
399,2.536574931006483,2.548570503754162,62,80,2
400,2.374462999990166,0.0831847775115746,42,70,2
401,2.9185107092439315,3.9837740696507358,92,124,2
402,2.9845480797659683,1.3276521849286067,83,113,2
403,2.892371661127895,1.1377161264941138,6,26,2
404,2.621161663123415,3.605914176245622,99,133,2
405,4.108306455639261,1.2109828007061223,73,109,2
406,0.9539216391346367,2.2051928309236644,53,67,2
407,2.0518870466135253,3.874861509035455,117,146,2
408,3.637010494704592,3.528876160758826,66,82,2
409,4.990614342027411,2.391854916717006,48,64,2
410,2.2983176600979327,2.665635322866105,69,95,2
411,4.338272017274967,3.4037294478457083,102,131,2
412,2.420900508473223,4.7866869809671915,35,59,2
413,4.707427731637307,4.9113014823799785,98,117,2
414,3.451199557818035,2.445015397557644,61,74,2
415,1.438946877489764,2.8673840193682256,69,92,2
416,4.091887300652812,4.773044316957307,102,117,2
417,1.4381517080706996,3.570706437491977,44,84,2
418,3.7366924985900245,1.0699340403850377,105,133,2
419,3.480856503234113,0.6863647740046147,78,101,2
420,1.212290192051434,3.3491698244655197,67,81,2
421,0.26245553419731393,2.066506830241293,91,122,2
422,3.8538302904913957,0.025907232035650152,70,111,2
423,2.034537257734417,4.6751604929807575,112,143,2
424,0.9972798733380084,4.819570194454679,41,56,2
425,4.539684793678112,0.4473036025575816,73,88,2
426,4.5661486283492625,0.8753238774048155,112,148,2
427,4.98585901544255,1.9849728713914983,63,81,2
428,4.383715839589617,0.04633584240049893,72,101,2
429,1.4228082617502313,4.945497350443617,69,93,2
430,4.255298692889983,2.34010384503145,24,66,2
431,0.8124713126986932,2.294572355161806,32,51,2
432,3.683089477461285,3.9538383221262787,72,95,2
433,0.8774745691923236,4.280732521367288,114,142,2
434,2.5764032947989794,0.43368884924177953,85,99,2
435,2.3872704924494648,4.679126935006942,0,16,2
436,2.2336776090322674,1.3349716348214007,42,51,2
437,1.3077657540769638,1.7977604528057793,30,41,2
438,2.3269749547096468,0.7985841261378157,87,117,2
439,3.8492052372909313,3.4514518870940707,81,122,2
440,1.8377195155108512,1.1042461998436077,17,43,2
441,3.7386741857542827,3.0286947404453466,53,78,2
442,3.7867526165216296,4.0099749589001545,105,120,2
443,3.4017095995969897,2.979072327656114,100,116,2
444,2.640865620365967,1.8089243426212187,117,133,2
445,4.143870269792126,4.514440801199044,25,49,2
446,0.8226857829137751,4.272430036974756,56,73,2
447,3.5845898309032496,2.4441398341559486,115,144,2
448,0.2781790291306485,0.6597216991054949,53,76,2
449,2.7939859949938315,3.363838561136847,39,62,2
450,1.2722860953380621,0.015077357955443627,27,50,2
451,2.118486923893126,3.5019243904858794,69,101,2
452,4.930686240411385,2.360356004228252,36,70,2
453,0.6771443324471887,3.207625000861782,93,119,2
454,1.8723046031913382,4.456668026092634,57,102,2
455,1.878227669009938,3.4136517705077067,84,118,2
456,3.2676704920935102,1.7388494356957511,22,64,2
457,2.6442126977200466,3.6392907045306404,28,58,2
458,4.892453413395695,2.3150195059738996,92,121,2
459,1.896382340168969,1.1483203339394938,58,72,2
460,0.942402256183712,4.376040873118637,97,117,2
461,3.0746160360445622,4.681189651927226,113,129,2
462,0.33645451444747676,2.9697207373967864,57,89,2
463,4.361062088931959,1.2236707560919624,5,29,2
464,2.6987990445371417,3.771928543736422,99,113,2
465,1.1708075857082845,4.581985165607835,73,92,2
466,1.184520173883603,4.381291610869036,84,111,2
467,1.502504768787098,0.3047881855338108,75,115,2
468,3.12996568824165,2.1360029114727173,63,76,2
469,4.707932049159559,3.356712623728612,100,132,2
470,2.081623167107223,0.7460880391258184,48,67,2
471,1.2048409450553703,1.1267227418995058,109,141,2
472,2.3151257974930544,0.2881196723277102,52,103,2
473,2.6499590700154285,1.9420952440373047,32,40,2
474,4.611130522556111,4.235666929598059,11,37,2
475,0.257683145570069,1.885839874806699,77,99,2
476,0.9408164696637766,3.8084820876860497,92,115,2
477,2.396971032354574,4.34736925762269,42,54,2
478,1.0590388602450402,0.9501184881507435,94,114,2
479,4.572206483877941,3.4781314285249088,90,106,2
480,2.7603964627390725,3.877569410318851,48,76,2
481,1.7962977777578786,1.307808136926763,65,110,2
482,0.4930411578274002,4.906592284232883,60,89,2
483,4.571652494487445,1.853524607156292,52,68,2
484,3.706261893582445,0.08109950500630236,70,124,2
485,3.6000596887461125,1.475961437538691,25,42,2
486,2.848947563520175,1.2286500818767205,70,98,2
487,1.6878214201825392,3.816803128331599,62,109,2
488,2.304144992241026,3.663861185125094,45,61,2
489,0.9202388643063375,4.44682264857504,82,133,2
490,0.16911878582345274,4.233486915913612,120,157,2
491,3.821694217860096,2.0619611120779635,107,126,2
492,3.5358478185172992,0.04570730845330884,64,86,2
493,3.089176179384015,3.3337736477666984,78,123,2
494,0.07865883434609866,2.6610624250636827,52,70,2
495,2.678690514619624,1.4334426826664282,64,107,2
496,4.030838494737145,4.54886682999383,13,64,2
497,0.7444874287012526,0.959660284958066,67,85,2
498,1.336623683383179,1.9844821124903573,47,92,2
499,2.8250109122398452,4.951165158198637,28,43,2
500,3.2686785977957653,4.291095795105936,97,115,2
501,1.8963201111990795,2.7635071976484764,7,34,2
502,0.8569178761052382,2.49929196556396,55,79,2
503,2.8292831397551748,4.289801566818347,12,46,2
504,1.1488324855050835,4.506364795122924,88,138,2
505,1.3554752635420098,4.620796333042832,87,139,2
506,2.8175493202399178,0.16450890076735947,118,152,2
507,4.8073459493800295,2.935180520422442,96,142,2
508,4.644374701266642,1.4963844479043127,72,91,2
509,3.3851748293834087,2.7028121550280537,49,68,2
510,3.9524904261707494,3.446552705919875,10,34,2
511,0.268482159736968,2.185441264217496,107,126,2
512,4.8446026360077745,1.631883234889271,81,102,2
513,2.4530172805539663,1.7790559885292394,120,138,2
514,3.3984742904407943,3.3033595375743774,10,32,2
515,3.990275869013733,3.5655426633919287,10,28,2
516,3.5583857738930833,3.1695044098152545,94,117,2
517,0.5327545885563056,0.025976111850150585,39,75,2
518,1.3488322161969324,0.6625350224709969,23,52,2
519,2.773700003044339,2.0402208754156876,3,11,2
520,2.9846227764354567,3.9221936212640376,110,133,2
521,2.069050348840637,3.8958455281220195,92,130,2
522,2.8598021537476974,0.8479146169616275,48,63,2
523,1.5056563268753438,2.4656197110539235,8,21,2
524,2.1055116988626215,2.4211565696696424,9,27,2
525,3.6044972622779636,2.479012183614313,78,88,2
526,0.6774476284033804,0.03383684712735757,50,72,2
527,4.020382309786912,1.647708581396301,42,71,2
528,4.8711268825230345,0.680622357891324,41,75,2
529,1.0042574435103586,1.570916405977207,50,91,2
530,3.674371827205932,3.1645123098420838,73,96,2
531,1.8802765116207354,4.082472577164565,50,78,2
532,0.999000243553036,4.986324628652225,23,54,2
533,0.1345805433766767,3.636066819042795,120,149,2
534,3.9884276051570176,4.156409043551806,8,55,2
535,3.3648882619777027,0.6958956134817018,38,52,2
536,3.576181956497131,3.9453838161003145,9,38,2
537,2.3961734988631314,2.004025486646868,64,105,2
538,2.7182260169373884,3.9536045852462958,46,76,2
539,2.684529930122939,3.1909018350542055,10,21,2
540,3.2880082229038283,1.7750440972424482,82,108,2
541,4.918041029759913,3.3873594793209283,51,96,2
542,4.828583888569141,2.152277719450911,1,17,2
543,2.553381202625223,2.5939888342467476,74,91,2
544,2.228892757524534,1.955670843387514,98,125,2
545,2.5023289080986726,1.7248369379975914,3,23,2
546,2.079877142628563,4.808639328399852,14,52,2
547,1.7416432616073763,1.7153334042181307,100,116,2
548,1.7415014831782327,0.4881151556285446,92,118,2
549,0.33587170020729584,0.22341526337660567,90,111,2
550,3.2398495863885683,3.38569666445442,21,58,2
551,2.579969509484367,2.7595514491251,42,63,2
552,1.1592777370570517,2.0252371814012644,23,39,2
553,1.9779118906405668,3.6869418477306857,113,129,2
554,1.9441789017785354,3.523678079798672,26,36,2
555,2.886739526009263,3.9975117844335486,68,84,2
556,0.9853713757377275,0.5697748535258096,85,136,2
557,4.82958199974554,1.5670205502573709,49,80,2
558,0.5711603666813908,1.7599246220856086,58,88,2
559,3.5299418047299005,1.4872241734967595,78,106,2
560,0.6697388482535532,0.5893082633082836,39,58,2
561,3.4671827085822278,2.5541243474358044,53,79,2
562,1.918549814188435,0.9287684964638282,81,110,2
563,4.653474688526226,0.8661740107429239,21,46,2
564,0.9354928998120132,4.20992607068274,79,97,2
565,4.759209752439835,2.423044597228419,24,75,2
566,2.5271900986533518,2.474849239332018,87,112,2
567,4.199459010506113,2.4434975596984283,10,41,2
568,3.805283092727121,1.460449547793533,35,50,2
569,0.8410448871828685,2.2866069363672454,95,121,2
570,2.7486309226902566,0.5660549764601158,14,31,2
571,2.710216895588149,3.7839312121872046,97,123,2
572,1.0927096750503673,2.1257734336859144,94,132,2
573,1.4885446755144682,4.996563346394539,57,72,2
574,2.195349516916665,4.969788421593085,99,140,2
575,4.053513584197051,2.939619484884053,44,95,2
576,3.1638531546356923,0.829908088451296,17,39,2
577,4.027202466851392,2.8503717240249915,68,81,2
578,1.6182680792734083,3.520268808775943,37,63,2
579,4.927441511308971,3.3964965796165503,12,32,2
580,4.593843559149127,4.962431128223372,110,145,2
581,4.3303939749557845,1.248386209690699,91,107,2
582,3.8073679373992846,3.38117276849973,62,77,2
583,3.1390641038948703,1.8758616392311351,9,37,2
584,0.465473920213087,2.578067360438495,35,60,2
585,2.2734782453721043,2.4402224021885273,74,81,2
586,3.654659687435265,2.2922462833985886,85,103,2
587,3.9783896332392263,1.988579340943319,54,101,2
588,1.3426841915721126,4.14171808524404,43,65,2
589,2.8307105545857016,2.426689520042525,43,72,2
590,0.2297146282931689,3.13089761077947,107,129,2
591,4.647164376737609,0.7899175748708076,58,79,2
592,1.0115910319869985,3.4429594095575515,16,57,2
593,0.7948873145290969,4.663627813629621,35,55,2
594,1.2519463927455443,1.8592188382338288,115,133,2
595,1.981707834661166,1.5275462242211535,89,112,2
596,3.2774261419176747,3.518490198820221,0,11,2
597,0.663498960199933,1.13095430729703,87,108,2
598,3.4779855364402437,4.085545134566492,110,132,2
599,2.3885012071888263,1.1447343372952163,11,30,2
600,0.5160076660421292,1.8378084481130907,38,52,2
601,3.207880742584919,3.3856853895952206,8,25,2
602,3.05159619636909,0.8205827489532314,44,73,2
603,3.74134418187194,4.5994706232737705,78,103,2
604,0.4334401673299426,0.5023255623881939,96,117,2
605,1.7576782019156478,2.146943707559394,101,113,2
606,3.2231028409394886,1.240835135929161,76,103,2
607,1.4246040500316637,4.70639622548506,3,47,2
608,1.0272285907622098,3.0346343483597993,24,47,2
609,3.230848873204333,3.9190079978820886,101,148,2
610,1.9294278738179678,1.2054087780260492,81,107,2
611,4.443622640434539,0.06033506195554594,46,87,2
612,1.9341912441258873,4.194866514518126,53,82,2
613,0.863851560753805,2.355073129924125,98,110,2
614,0.06896712862645371,1.0787146925861708,118,139,2
615,2.533053021374635,3.1428534803028803,64,86,2
616,3.5090531931175817,0.4121390596232294,68,91,2
617,1.3873386786728004,1.5495344280832097,65,100,2
618,2.6819508644472916,1.9536575148417485,81,106,2
619,3.405278423546052,0.33057541810607494,89,113,2
620,0.28952972011565214,0.4310639919574466,55,71,2
621,1.546450319367631,3.708467545287771,94,105,2
622,3.5395030355904917,3.5074980561193305,20,43,2
623,2.615026813642041,3.914935507718729,92,107,2
624,0.6346530374056242,3.905619899684938,34,56,2
625,3.8571514524481234,0.14678125586401747,103,134,2
626,0.3193599456157403,3.561616241002477,73,102,2
627,2.2759888883971375,1.8006194776087665,63,97,2
628,1.8384388892840586,1.2755804051953907,13,47,2
629,1.1420221157662551,2.544124424553234,5,36,2
630,1.2227572517835172,2.3588229478886906,49,85,2
631,4.655800385785928,4.287425988739862,70,119,2
632,1.1225765690878782,1.241315916786216,117,141,2
633,4.129984977762664,2.8576798130872905,15,34,2
634,0.8967217513615283,4.021690097293783,5,41,2
635,4.384956190924874,4.330161149885761,99,144,2
636,0.4319276121665311,2.283730879722877,47,63,2
637,3.6978799336670902,1.2129199677678453,47,73,2
638,4.988935581319528,3.8794297797762756,93,136,2
639,0.7528318839660986,4.661987662689243,3,23,2
640,3.1797091975649443,3.467304031446524,1,31,2
641,3.7946457660683928,1.8813741523402179,94,113,2
642,1.0259718645294935,4.915578709474488,53,76,2
643,4.862796179836961,0.711867426024842,35,53,2
644,4.486437359657296,2.598796092460185,89,136,2
645,4.872773950841255,0.42451208758244763,12,46,2
646,4.09981445947108,0.37415242164938745,72,88,2
647,1.1838586737094825,1.3049546946180501,40,84,2
648,3.5036280316077106,3.6767643439118403,40,62,2
649,0.3734371790123986,1.0135631313961686,99,122,2
650,0.7770527566096835,0.821874903498841,59,74,2
651,2.6796227454501182,4.823173611251144,26,54,2
652,1.3250396345735411,0.5995677817769679,20,63,2
653,4.1319334396982486,3.484389916185382,5,22,2
654,0.741618986845497,3.555786991425558,45,65,2
655,3.385916884945359,1.3008339636061195,22,38,2
656,4.273006523110015,2.7797688077419416,70,88,2
657,0.5095367433092274,3.9690487138849884,15,32,2
658,0.6535761877198898,4.118367075941779,47,79,2
659,0.420197121140502,2.930593761012727,117,151,2
660,4.985807130652369,0.9887516834771659,82,107,2
661,0.4598931932850914,4.236377173265672,103,117,2
662,4.711403305120577,0.2531885045762805,118,153,2
663,1.974993441109597,0.1474114650014574,87,114,2
664,1.0735805298501333,0.9357555685558083,35,58,2
665,0.17324721865752957,3.095882744229479,31,60,2
666,2.0599610314808254,2.7534433260199025,7,20,2
667,0.686180085660324,0.9972890333329332,113,137,2
668,3.1537719441237773,4.010840413855638,101,118,2
669,3.909578834227125,1.795560549187825,69,93,2
670,4.563385082991835,2.5119662777187086,49,61,2
671,1.5943878366468978,1.0951009403654726,114,154,2
672,0.2929561513905926,4.957656617152854,67,101,2
673,4.998028734056731,4.86989930866751,12,32,2
674,1.3326350053284153,4.081425808043674,117,149,2
675,4.981960242532286,1.0970579302196244,108,156,2
676,1.7740231728257994,4.196111261529547,108,123,2
677,2.9625975459070637,4.0310511267969416,89,117,2
678,0.14103284863579535,3.502804016757091,72,103,2
679,4.741842530229452,4.18348420366668,103,154,2
680,2.7106230076049664,0.8777838383032538,4,18,2
681,3.008313932225441,0.099639949442763,61,78,2
682,4.032227066550014,1.7037952213338625,22,64,2
683,0.2977798142251703,0.7385600949305732,90,129,2
684,4.232404437895673,4.303347332957753,9,41,2
685,1.9779778117692715,0.5051608509034317,38,52,2
686,3.661760127123204,2.1843419146479115,81,122,2
687,0.8710133547776533,4.843714481665838,88,143,2
688,3.934958962977884,1.1161860699032122,75,120,2
689,1.5341161464897901,3.442492197994786,16,26,2
690,4.743940521106438,4.743490799249514,50,105,2
691,0.16191371463543713,3.011943337254856,117,170,2
692,1.1044762521850604,2.8277512306016024,119,142,2
693,3.7267166405099124,1.1899796257469846,40,52,2
694,4.108309027141549,3.3501228555702673,93,140,2
695,0.05697810147749005,1.0484214220024963,88,107,2
696,3.935100030453302,3.6020679399848414,6,37,2
697,2.0982661459260363,0.831692214479744,52,77,2
698,1.7561558464923488,1.8767378517027407,106,132,2
699,3.254847815567387,3.435802021085572,20,50,2
700,4.228812420122802,1.4745430655806508,40,53,2
701,0.3710020088332966,0.8505260157559535,48,63,2
702,2.7352312930611573,4.490620865599867,11,30,2
703,3.5225232329589575,2.1566166707293037,83,98,2
704,0.7855188866539203,0.5062890548666782,26,74,2
705,3.4859835190367856,3.610190522878378,93,121,2
706,1.4076153672263265,1.1877414247362283,6,33,2
707,4.199272524228255,0.767949672583671,46,61,2
708,1.472747244831074,3.3101011300493384,76,95,2
709,0.12867846365842872,0.8541609584611154,37,88,2
710,4.218845371734683,1.541767000588647,50,80,2
711,1.3250219855881062,3.209331912701056,49,65,2
712,1.847008324659725,2.2288763539722907,33,53,2
713,1.1312114014133345,1.3428099663647481,7,19,2
714,0.42853655919958544,1.7189569327302334,69,102,2
715,2.9486322115180172,2.768009530789544,107,130,2
716,2.0931603746722525,2.6775720598946484,110,156,2
717,4.408269347088114,2.381311405407343,10,41,2
718,0.17364246778568126,2.8560996763577706,66,119,2
719,0.7372382700548269,4.746274082257925,57,74,2
720,4.8608243916887846,4.042303606596816,16,32,2
721,4.941399681684579,2.176966227662536,105,136,2
722,1.2894317999388827,4.554022428657971,117,153,2
723,1.9404957650737535,1.9867749717851795,41,86,2
724,2.2907859056130757,4.367331266863785,100,129,2
725,2.612810052249046,2.0979691711261435,53,61,2
726,4.624640833796367,2.8134187973866127,12,41,2
727,4.400678923125161,4.389467813480274,33,62,2
728,2.8601161989928094,2.365233079994681,22,31,2
729,3.0912224430089914,3.4040643160664006,51,65,2
730,3.4525687708548936,0.24645487762055607,60,106,2
731,0.1011644429663594,4.086929626526388,38,60,2
732,4.291173916167871,3.424260135673634,111,127,2
733,4.871097123016552,2.2155530666571446,105,124,2
734,3.0248956622762533,0.4464342515146613,56,75,2
735,3.70472399460004,3.7974664761312833,111,130,2
736,2.576348513047784,0.7948622131950023,39,64,2
737,0.678249105085299,4.256476704935961,112,136,2
738,0.9638172341577911,4.164649665382757,107,120,2
739,2.2822433356404033,4.590155346705581,90,108,2
740,4.117531458445581,2.525631874685819,81,113,2
741,1.2096904729480578,2.4439336953328397,57,74,2
742,2.934401242112134,1.7487995082232728,20,57,2
743,3.7448056724246666,3.4442526880797715,36,47,2
744,0.8145370279931025,2.8612903051015035,27,66,2
745,3.3884762304548537,1.3454178963447854,52,82,2
746,4.835691778643903,3.410998657677247,60,100,2
747,3.005709752472669,0.042318635574356556,32,58,2
748,3.5637024405235214,3.546840982241195,35,59,2
749,4.257930865463212,2.2949900944530484,27,56,2
750,2.603189491641179,3.1180304809344013,74,87,2
751,2.8072855862730037,2.9688627127204126,36,44,2
752,2.4086920940815304,1.6814182694390771,35,55,2
753,1.3057345396324842,3.5554688778589587,114,136,2
754,0.7496464817707826,3.8273719415181158,115,134,2
755,3.302651618405645,3.403778751936909,92,109,2
756,4.9873454978914795,1.2971313635599446,53,87,2
757,0.17659502413212125,3.5403447968793555,73,118,2
758,3.6327493829045174,1.1118159698813446,68,94,2
759,4.532632527525274,3.3593423798120443,64,79,2
760,4.203193472982,4.382473921710552,23,44,2
761,0.6397206984802667,1.2932592528010396,103,126,2
762,4.7346169009697565,4.497955789254325,83,103,2
763,1.1166396269280432,4.357161160822408,53,79,2
764,1.8584121488243055,2.9278534760345187,59,103,2
765,0.26838477203225186,3.1719837182601767,74,110,2
766,2.3610984120304157,0.9727190248846029,15,59,2
767,2.6491925231499875,2.065536270069404,111,143,2
768,4.9617392644396645,1.7133494246450005,72,121,2
769,0.7161207614981924,4.311969716685581,23,52,2
770,1.6631472345826315,4.933201863498399,40,62,2
771,2.2602661428424664,1.0469118416753886,99,111,2
772,2.447885453150082,3.8178458355274962,11,27,2
773,3.167437703512971,2.016967401989752,61,77,2
774,2.668913014211291,3.6532953520529494,1,47,2
775,0.9528835497020227,3.38374070838555,80,102,2
776,3.4676237358519857,1.7217488703166044,16,30,2
777,0.8351009363415468,4.119219148372052,38,86,2
778,3.639159557234064,2.981849593077512,43,71,2
779,4.977362049139642,1.7136641962877996,115,149,2
780,0.9421301694543471,4.740421768534714,117,153,2
781,1.1420914241791276,3.6358441406816064,16,27,2
782,2.948464173996208,0.8449237094507356,46,77,2
783,0.18681713846297632,4.382720687997381,32,64,2
784,0.24293480790868627,4.973401168285324,84,101,2
785,0.24117528236470176,0.5789491316965056,56,87,2
786,1.2636914653478688,3.509341074270274,26,55,2
787,0.046522740316258804,2.104357282134316,12,38,2
788,3.1139888840032492,3.503631731017065,53,86,2
789,2.5579239323275615,3.0884897752752365,36,44,2
790,2.488695315966258,3.0450090467836475,99,109,2
791,1.7896091827540377,2.0487811526414452,20,35,2
792,4.551783137310072,3.441019577276868,61,74,2
793,0.06374700634304897,0.445014197635652,14,66,2
794,0.7457224633338305,0.4504133678796224,65,80,2
795,4.52389691978291,3.221683957843493,58,101,2
796,1.3206251138552039,0.2504009790647366,104,118,2
797,4.2612434286835486,1.8010733202694391,86,99,2
798,0.47499235165290143,3.7910200242061913,5,21,2
799,3.31677513745422,0.8525613817818767,45,97,2
800,1.3415469929008013,3.6653397266921144,47,84,2
801,0.5691599995187485,2.0012511298920934,58,76,2
802,3.44951215575157,2.391225054856356,53,82,2
803,0.8338936460411756,0.6625578811827998,92,108,2
804,0.5185655286918472,4.556133806360896,61,111,2
805,0.9063028026865105,1.898753895579438,45,74,2
806,4.399751232509929,3.6363931735398087,114,134,2
807,0.5646873968688371,2.0564213186758713,5,22,2
808,0.06180106492967019,4.3416613592926,67,100,2
809,3.6188677163799188,1.119924596618695,85,133,2
810,2.6155158761233697,3.5029009214877718,12,40,2
811,1.242884974253538,1.7287474372875185,86,106,2
812,4.195165106148936,2.7917211835109397,78,91,2
813,2.5278378594236663,2.3464446832191626,63,92,2
814,3.7571500052380546,1.603169077668034,42,75,2
815,2.534646660935376,2.7524778486533954,48,65,2
816,0.3941529787739584,2.2209443822972954,73,101,2
817,2.23534059956899,0.5935342602681642,63,83,2
818,0.5132166074007621,2.0616927383777472,71,92,2
819,3.95891642586154,4.815856241400024,81,99,2
820,3.272979917804687,2.281039616106269,43,59,2
821,4.082943432886828,4.221587198021262,42,72,2
822,2.999755757791313,3.5832903406458794,46,64,2
823,0.48718511161654987,3.2945512690300904,0,17,2
824,2.738452908470671,1.8694518023020046,13,23,2
825,2.462110710905834,4.109193299593631,95,115,2
826,1.2714465562571498,0.9796073357590807,15,60,2
827,1.0779475218447299,4.122770718538031,24,46,2
828,3.7857467090513683,0.2325018095458492,81,134,2
829,0.6160959516519743,4.458771774564109,58,89,2
830,0.6731800721531639,2.494143210513056,67,95,2
831,4.676541404158263,4.194080553394582,61,102,2
832,3.459088563120156,0.8682513509129974,104,122,2
833,3.287609055658654,3.0308038697650974,41,64,2
834,2.093323729168652,3.044968467798465,88,108,2
835,1.9893499822763179,1.714294030163126,37,56,2
836,0.690900028226728,3.0126222483819083,113,137,2
837,4.215372156407472,2.7390298567975884,40,67,2
838,3.1629164225363193,1.004445411626722,79,108,2
839,1.7264679044929054,3.361868565256585,90,109,2
840,2.519467195216248,3.4715598686366316,41,70,2
841,1.761189012314387,2.401849611953134,73,115,2
842,3.3712174276958673,4.4693300068896,68,87,2
843,4.04152389663348,2.6136499310460115,3,22,2
844,3.351270893834709,0.999512086323584,96,119,2
845,3.4169516433239355,0.7321419507034799,7,31,2
846,1.0200045166013365,2.705860437166183,45,79,2
847,3.080544168801433,3.3776300675977944,71,118,2
848,1.9444333105383615,2.554611518394469,101,120,2
849,3.464680376071243,0.23489940637666018,48,82,2
850,4.879113610280632,1.5632699044731706,70,88,2
851,1.0154361136466894,4.34424980658758,110,151,2
852,4.557431885368693,3.5231453444639387,82,112,2
853,2.7330756835062067,3.0169348864432077,99,117,2
854,1.4708886090224578,0.8871294924413159,87,101,2
855,3.6753974301310945,0.5967690563648276,5,34,2
856,1.3211979765469777,0.8046442487830685,108,125,2
857,2.331656691047895,4.687472252354238,5,23,2
858,2.984401660071888,3.8683047492944396,80,108,2
859,1.5057740915771922,3.9495409120871496,70,101,2
860,3.538407806972377,2.626975335924402,23,52,2
861,2.5257017522815794,2.0796562188521084,68,88,2
862,1.105990405507264,1.0667690509309797,42,58,2
863,1.0922264289225736,3.7632784477725845,67,95,2
864,4.1184420046260115,4.905665988076483,1,21,2
865,2.2283362314234623,4.52248229243846,78,118,2
866,4.794484080369667,3.41275680384264,41,75,2
867,4.724938352159188,1.9293796739202196,69,90,2
868,4.556679633143091,4.110545321199831,47,77,2
869,2.22778448785859,0.21925830455250872,114,140,2
870,2.5694735006371676,4.74105909824209,21,72,2
871,2.666029110823966,3.1346653798770836,26,54,2
872,1.0658756593223977,3.427025915094072,106,123,2
873,3.2328057965917267,4.698755557541567,95,116,2
874,2.2961261763002083,1.658576877336439,11,21,2
875,3.9710739348794517,2.790421026589054,73,112,2
876,2.0381638924789653,2.2556283187202086,51,66,2
877,1.9475093362219158,0.5915288081330944,0,29,2
878,0.3161879537984946,3.729755155206025,5,28,2
879,1.7885006937402392,2.5141847545704072,37,57,2
880,3.032829205934153,1.4075872214613194,118,142,2
881,4.110611850795268,0.15409575678362208,20,45,2
882,3.7337695580345596,3.9838521852152278,108,138,2
883,0.7203776872924156,3.3864452275253125,117,161,2
884,4.7869582455406,0.05575103884652932,111,137,2
885,0.20886570233962787,2.8635929747169793,50,72,2
886,1.523455761747542,3.741482933663967,115,137,2
887,2.0632724801312397,3.229657517800437,65,75,2
888,1.1039398467870398,4.17374183434031,24,37,2
889,4.256938612127371,4.661849327015743,70,101,2
890,0.36572286079275096,3.358426245576246,32,52,2
891,4.757699531720986,1.7856917950591122,85,107,2
892,1.4256857193826056,0.34904442355478515,24,45,2
893,1.6417303910979042,3.2971112543968664,88,114,2
894,2.8343094648604628,4.038498823208107,54,70,2
895,1.2308756927274205,1.1076285210325987,94,118,2
896,4.200550293903277,0.6715291619144442,93,114,2
897,2.3142418803780513,1.7937080105679837,39,56,2
898,0.8788508044761267,3.0331383303543062,107,120,2
899,4.456485194661395,0.9821596467209848,93,130,2
900,3.6371268360093216,4.460525923171278,108,129,2
901,4.063211999158952,2.894503936362805,98,117,2
902,2.7579699926307915,2.7173466195905926,69,96,2
903,0.743164918043413,1.9624917292336614,114,145,2
904,4.285820770673422,0.6694062972329978,64,92,2
905,1.8193277903708545,0.05295841629350484,30,84,2
906,3.42080828420235,3.7860303563675535,17,38,2
907,2.8317862729993397,2.829062665232021,111,154,2
908,4.695876291349364,0.2020991302586761,97,122,2
909,1.3217855755029313,1.1700933442565957,85,101,2
910,1.9404655497399799,4.589509720155725,112,130,2
911,0.5161250644824,4.842207004181031,81,126,2
912,2.89315717460029,2.8508007591161806,48,68,2
913,2.938394123812636,4.491133087704668,9,35,2
914,4.863370541752965,1.114496272667191,51,79,2
915,2.4343078133708778,2.4105504485656297,77,85,2
916,2.1994935037793892,1.149953830133685,65,86,2
917,0.7512020389328028,0.786786763452848,77,100,2
918,3.305548214552787,2.073068425475531,42,66,2
919,3.376147131577679,2.395105816822646,75,89,2
920,0.1122301907714568,0.21572165667582688,73,100,2
921,3.147702124440775,0.19595432619741782,73,88,2
922,1.2912982300835423,0.9001876978814854,51,80,2
923,3.188113533654065,4.392544914765183,93,117,2
924,4.73626934311347,1.0829670894594252,77,127,2
925,0.8528339199484813,4.151817873521404,76,91,2
926,3.1160586945581716,2.5540245422914882,21,42,2
927,4.611759724224736,2.982666812486797,8,27,2
928,0.6610659922871781,0.0828131363670731,66,119,2
929,3.42183915599417,4.132570927946314,77,96,2
930,4.508041091812706,2.999068984353414,112,140,2
931,3.7619157551793903,0.4659498290062297,84,97,2
932,4.484844764237658,3.8743521153390166,83,111,2
933,1.8518872512439004,0.21719141668240738,67,100,2
934,2.4106172393841883,3.8433583595319276,44,73,2
935,4.539294382987142,4.185952570166721,73,89,2
936,1.272590140891866,3.829294451792273,116,158,2
937,2.9914617492544022,2.7186551097276324,32,39,2
938,2.889935729002231,0.5891430199057551,0,23,2
939,3.4388336838888804,1.5795085731463532,46,62,2
940,3.2578796738896587,1.2681636311599198,109,136,2
941,1.8282204721823585,1.3778027143999438,87,108,2
942,2.066140791479682,3.9189420848176875,61,78,2
943,1.2688882272134816,1.5332654333729723,44,69,2
944,3.6789121530230533,4.274994614117984,84,100,2
945,2.2329743870760965,3.4965572114752668,20,35,2
946,3.930405614466885,4.0042686667507965,78,109,2
947,0.2602639854229244,1.945518402925515,81,95,2
948,4.116277327587024,2.3583433004417187,76,96,2
949,1.3154599898222923,1.85417563021331,77,93,2
950,4.65342495532513,2.0032242914276415,83,115,2
951,4.817649111057541,0.28731517291500586,99,151,2
952,2.194860242706179,1.008536214030073,84,132,2
953,1.430032558543477,0.16804675698129212,76,109,2
954,1.1583548640903079,0.8474144590655108,4,35,2
955,0.0014363592731170272,0.7872238042519542,35,64,2
956,3.348310231981542,2.0272548342526022,25,53,2
957,3.5181096221736508,4.59588710554562,70,88,2
958,1.7373754442962874,4.0775743974934455,28,50,2
959,2.273795043293902,2.01978234853248,0,13,2
960,2.53119048127774,2.793153564348294,64,71,2
961,4.014711212861787,4.783546747926376,112,147,2
962,2.874469393869545,3.4709593073565004,48,77,2
963,1.2163662820113181,1.6983038172587273,99,125,2
964,4.482619113729392,4.3101163963731635,61,76,2
965,1.9133662295960558,3.9432800931557277,28,50,2
966,4.000806969245176,2.0621298609467473,45,64,2
967,3.504092761582771,1.3167484569645527,36,52,2
968,0.38014410266844545,4.656981199178313,60,79,2
969,4.471581264351033,1.3453789123439952,95,119,2
970,2.4949967018184154,0.998332695471546,94,109,2
971,1.0338931616100493,1.0138327939413667,31,75,2
972,0.7799778423807946,0.5334464505269559,117,138,2
973,3.0691348763787625,3.821221063177635,69,115,2
974,1.8559826769183378,1.5770845298595866,114,162,2
975,4.343844178122767,2.4540267580327333,97,138,2
976,1.9893974893574706,3.750846928978904,16,32,2
977,2.3916003830602173,2.703839727959135,64,72,2
978,2.2859801715801353,0.6018409020544796,66,97,2
979,0.042093024098127096,3.3705153022241734,48,75,2
980,1.8080116291634023,4.309210116405068,23,46,2
981,1.3470411476249007,4.7926340853081655,43,72,2
982,2.119714402054715,2.0954647176233165,96,117,2
983,1.3981476594034203,0.8994461436349793,16,56,2
984,4.070953320706998,3.6040772970746864,102,120,2
985,4.281543693724401,0.9803160706849295,102,140,2
986,2.364935122641487,0.04871145548698552,53,85,2
987,2.585034874602503,3.602801647623153,100,121,2
988,2.810692260358556,2.8391725960265584,50,59,2
989,0.300181888620083,4.069090346034232,60,99,2
990,2.2492740953189587,1.673282692572814,46,70,2
991,4.659222878888841,1.288574127262096,2,29,2
992,4.3368429198706835,4.81558280458957,25,58,2
993,3.2456547594978753,0.8726941786472919,99,115,2
994,3.3659642007367507,2.4374687215218085,94,111,2
995,1.9053549920642288,1.4326178827789455,80,116,2
996,3.2029032635583405,4.6428333348552995,53,83,2
997,2.0238636005260338,4.535365256344679,10,25,2
998,1.5674103169470366,3.2650654871522016,90,106,2
999,1.3562405067567451,2.2244919382398587,110,158,2
